id,hs_lastmodifieddate,hs_object_id,updatedAt,createdAt,hs_createdate
19726743931,2022-03-01T17:29:45.551Z,19726743931,2022-03-01T17:29:45.551Z,2022-03-01T17:29:18.027Z,2022-03-01T17:29:18.027Z
19726750038,2022-03-01T17:32:06.738Z,19726750038,2022-03-01T17:32:06.738Z,2022-03-01T17:31:20.602Z,2022-03-01T17:31:20.602Z
19726752554,2022-03-01T18:28:13.532Z,19726752554,2022-03-01T18:28:13.532Z,2022-03-01T17:32:09.552Z,2022-03-01T17:32:09.552Z
19732464182,2022-03-01T19:30:46.931Z,19732464182,2022-03-01T19:30:46.931Z,2022-03-01T19:30:02.897Z,2022-03-01T19:30:02.897Z
19756245042,2022-03-02T15:25:03.213Z,19756245042,2022-03-02T15:25:03.213Z,2022-03-02T15:24:47.523Z,2022-03-02T15:24:47.523Z
19764205724,2022-03-02T20:12:03.505Z,19764205724,2022-03-02T20:12:03.505Z,2022-03-02T20:12:00.159Z,2022-03-02T20:12:00.159Z
19764228747,2022-03-02T20:20:18.667Z,19764228747,2022-03-02T20:20:18.667Z,2022-03-02T20:20:16.628Z,2022-03-02T20:20:16.628Z
19764288411,2022-03-02T20:24:14.130Z,19764288411,2022-03-02T20:24:14.130Z,2022-03-02T20:24:01.131Z,2022-03-02T20:24:01.131Z
19764401757,2022-03-02T20:51:44.127Z,19764401757,2022-03-02T20:51:44.127Z,2022-03-02T20:51:33.629Z,2022-03-02T20:51:33.629Z
19764402778,2022-03-02T20:53:28.372Z,19764402778,2022-03-02T20:53:28.372Z,2022-03-02T20:53:10.438Z,2022-03-02T20:53:10.438Z
19764450593,2022-03-02T20:52:08.913Z,19764450593,2022-03-02T20:52:08.913Z,2022-03-02T20:52:02.351Z,2022-03-02T20:52:02.351Z
19764719204,2022-04-25T17:46:23.118Z,19764719204,2022-04-25T17:46:23.118Z,2022-03-02T21:19:45.282Z,2022-03-02T21:19:45.282Z
19765024134,2022-03-02T20:17:42.130Z,19765024134,2022-03-02T20:17:42.130Z,2022-03-02T20:17:16.347Z,2022-03-02T20:17:16.347Z
19765109162,2022-03-02T20:11:31.581Z,19765109162,2022-03-02T20:11:31.581Z,2022-03-02T20:11:05.830Z,2022-03-02T20:11:05.830Z
19765121648,2022-03-02T20:15:11.913Z,19765121648,2022-03-02T20:15:11.913Z,2022-03-02T20:15:11.748Z,2022-03-02T20:15:11.748Z
19765180258,2022-03-02T20:11:47.261Z,19765180258,2022-03-02T20:11:47.261Z,2022-03-02T20:11:33.129Z,2022-03-02T20:11:33.129Z
19765294391,2022-03-02T20:02:36.511Z,19765294391,2022-03-02T20:02:36.511Z,2022-03-02T20:02:27.449Z,2022-03-02T20:02:27.449Z
19765310389,2022-03-02T20:27:18.931Z,19765310389,2022-03-02T20:27:18.931Z,2022-03-02T20:27:07.689Z,2022-03-02T20:27:07.689Z
19765359017,2022-03-02T20:21:48.734Z,19765359017,2022-03-02T20:21:48.734Z,2022-03-02T20:21:35.401Z,2022-03-02T20:21:35.401Z
19765562430,2022-03-02T20:38:04.755Z,19765562430,2022-03-02T20:38:04.755Z,2022-03-02T20:37:54.997Z,2022-03-02T20:37:54.997Z
19765962545,2022-03-02T20:51:51.843Z,19765962545,2022-03-02T20:51:51.843Z,2022-03-02T20:51:42.391Z,2022-03-02T20:51:42.391Z
19766122348,2022-03-02T20:53:06.124Z,19766122348,2022-03-02T20:53:06.124Z,2022-03-02T20:52:56.039Z,2022-03-02T20:52:56.039Z
19766298127,2022-03-02T20:53:06.843Z,19766298127,2022-03-02T20:53:06.843Z,2022-03-02T20:52:57.102Z,2022-03-02T20:52:57.102Z
19766458163,2022-04-25T17:46:22.843Z,19766458163,2022-04-25T17:46:22.843Z,2022-03-02T21:26:01.587Z,2022-03-02T21:26:01.587Z
19766881180,2022-04-25T17:46:23.479Z,19766881180,2022-04-25T17:46:23.479Z,2022-03-02T22:05:48.495Z,2022-03-02T22:05:48.495Z
19767767380,2022-04-25T17:46:23.070Z,19767767380,2022-04-25T17:46:23.070Z,2022-03-02T21:18:28.107Z,2022-03-02T21:18:28.107Z
19767917876,2022-03-02T21:18:10.916Z,19767917876,2022-03-02T21:18:10.916Z,2022-03-02T21:18:01.239Z,2022-03-02T21:18:01.239Z
19767928484,2022-03-02T21:39:19.624Z,19767928484,2022-03-02T21:39:19.624Z,2022-03-02T21:39:09.063Z,2022-03-02T21:39:09.063Z
19768379997,2022-04-25T17:46:22.766Z,19768379997,2022-04-25T17:46:22.766Z,2022-03-02T21:44:31.345Z,2022-03-02T21:44:31.345Z
19800012066,2022-03-03T20:01:28.602Z,19800012066,2022-03-03T20:01:28.602Z,2022-03-03T20:01:18.407Z,2022-03-03T20:01:18.407Z
19800289327,2022-03-03T20:52:00.138Z,19800289327,2022-03-03T20:52:00.138Z,2022-03-03T20:51:49.686Z,2022-03-03T20:51:49.686Z
19800356641,2022-03-03T20:53:26.811Z,19800356641,2022-03-03T20:53:26.811Z,2022-03-03T20:53:15.904Z,2022-03-03T20:53:15.904Z
19801196339,2022-03-03T21:37:16.762Z,19801196339,2022-03-03T21:37:16.762Z,2022-03-03T21:37:07.162Z,2022-03-03T21:37:07.162Z
19826331827,2022-03-04T17:54:15.069Z,19826331827,2022-03-04T17:54:15.069Z,2022-03-04T17:54:03.651Z,2022-03-04T17:54:03.651Z
19826693556,2022-03-04T18:01:13.281Z,19826693556,2022-03-04T18:01:13.281Z,2022-03-04T18:01:03.441Z,2022-03-04T18:01:03.441Z
19827100275,2022-03-04T18:03:08.258Z,19827100275,2022-03-04T18:03:08.258Z,2022-03-04T18:02:57.862Z,2022-03-04T18:02:57.862Z
19827463322,2022-03-04T18:33:53.105Z,19827463322,2022-03-04T18:33:53.105Z,2022-03-04T18:33:42.568Z,2022-03-04T18:33:42.568Z
19828007076,2022-03-04T18:37:21.211Z,19828007076,2022-03-04T18:37:21.211Z,2022-03-04T18:37:10.330Z,2022-03-04T18:37:10.330Z
19832294305,2022-04-18T20:07:58.723Z,19832294305,2022-04-18T20:07:58.723Z,2022-03-04T20:33:38.739Z,2022-03-04T20:33:38.739Z
19832683792,2022-03-04T21:10:41.350Z,19832683792,2022-03-04T21:10:41.350Z,2022-03-04T21:10:35.007Z,2022-03-04T21:10:35.007Z
19833146496,2022-03-04T21:10:18.417Z,19833146496,2022-03-04T21:10:18.417Z,2022-03-04T21:10:08.696Z,2022-03-04T21:10:08.696Z
19834357539,2022-03-04T22:45:43.530Z,19834357539,2022-03-04T22:45:43.530Z,2022-03-04T22:45:43.041Z,2022-03-04T22:45:43.041Z
19834357688,2022-03-04T22:46:19.141Z,19834357688,2022-03-04T22:46:19.141Z,2022-03-04T22:46:18.824Z,2022-03-04T22:46:18.824Z
19834600024,2022-03-04T22:46:00.424Z,19834600024,2022-03-04T22:46:00.424Z,2022-03-04T22:46:00.171Z,2022-03-04T22:46:00.171Z
19834796871,2022-03-04T22:44:33.894Z,19834796871,2022-03-04T22:44:33.894Z,2022-03-04T22:44:33.416Z,2022-03-04T22:44:33.416Z
19867539862,2022-03-07T15:54:15.821Z,19867539862,2022-03-07T15:54:15.821Z,2022-03-07T15:54:04.966Z,2022-03-07T15:54:04.966Z
19870270842,2022-03-07T16:35:33.828Z,19870270842,2022-03-07T16:35:33.828Z,2022-03-07T16:35:26.162Z,2022-03-07T16:35:26.162Z
19871696438,2022-03-07T18:00:18.715Z,19871696438,2022-03-07T18:00:18.715Z,2022-03-07T18:00:07.565Z,2022-03-07T18:00:07.565Z
19872658279,2022-03-07T17:58:46.261Z,19872658279,2022-03-07T17:58:46.261Z,2022-03-07T17:58:35.929Z,2022-03-07T17:58:35.929Z
19876334197,2022-03-07T18:36:58.044Z,19876334197,2022-03-07T18:36:58.044Z,2022-03-07T18:36:46.969Z,2022-03-07T18:36:46.969Z
19903686821,2022-03-08T16:21:45.935Z,19903686821,2022-03-08T16:21:45.935Z,2022-03-08T16:21:34.940Z,2022-03-08T16:21:34.940Z
19903974801,2022-03-08T16:18:37.826Z,19903974801,2022-03-08T16:18:37.826Z,2022-03-08T16:18:26.045Z,2022-03-08T16:18:26.045Z
19905216945,2022-03-08T16:08:31.616Z,19905216945,2022-03-08T16:08:31.616Z,2022-03-08T16:08:21.514Z,2022-03-08T16:08:21.514Z
19905657957,2022-03-08T16:18:34.817Z,19905657957,2022-03-08T16:18:34.817Z,2022-03-08T16:18:24.512Z,2022-03-08T16:18:24.512Z
19921819951,2022-03-08T22:19:28.308Z,19921819951,2022-03-08T22:19:28.308Z,2022-03-08T22:19:27.711Z,2022-03-08T22:19:27.711Z
19937595767,2022-03-09T14:28:27.135Z,19937595767,2022-03-09T14:28:27.135Z,2022-03-09T14:28:17.289Z,2022-03-09T14:28:17.289Z
19941160809,2022-03-09T15:51:34.151Z,19941160809,2022-03-09T15:51:34.151Z,2022-03-09T15:51:23.919Z,2022-03-09T15:51:23.919Z
19944183838,2022-03-09T16:13:02.908Z,19944183838,2022-03-09T16:13:02.908Z,2022-03-09T16:12:52.956Z,2022-03-09T16:12:52.956Z
19947500935,2022-03-09T18:11:16.790Z,19947500935,2022-03-09T18:11:16.790Z,2022-03-09T18:11:06.067Z,2022-03-09T18:11:06.067Z
19949767183,2022-04-25T17:46:23.118Z,19949767183,2022-04-25T17:46:23.118Z,2022-03-09T20:33:20.270Z,2022-03-09T20:33:20.270Z
19950392158,2022-03-09T18:52:17.909Z,19950392158,2022-03-09T18:52:17.909Z,2022-03-09T18:52:07.676Z,2022-03-09T18:52:07.676Z
19950902068,2022-04-25T17:46:23.470Z,19950902068,2022-04-25T17:46:23.470Z,2022-03-09T19:07:26.977Z,2022-03-09T19:07:26.977Z
19951058078,2022-03-09T18:51:11.850Z,19951058078,2022-03-09T18:51:11.850Z,2022-03-09T18:50:58.127Z,2022-03-09T18:50:58.127Z
19951194294,2022-03-09T19:23:12.572Z,19951194294,2022-03-09T19:23:12.572Z,2022-03-09T19:23:02.509Z,2022-03-09T19:23:02.509Z
19951497287,2022-03-09T19:19:15.762Z,19951497287,2022-03-09T19:19:15.762Z,2022-03-09T19:19:05.748Z,2022-03-09T19:19:05.748Z
19952058004,2022-03-09T19:22:58.670Z,19952058004,2022-03-09T19:22:58.670Z,2022-03-09T19:22:44.058Z,2022-03-09T19:22:44.058Z
19954432048,2022-03-09T20:57:34.044Z,19954432048,2022-03-09T20:57:34.044Z,2022-03-09T20:57:19.748Z,2022-03-09T20:57:19.748Z
19954443369,2022-03-09T20:59:55.355Z,19954443369,2022-03-09T20:59:55.355Z,2022-03-09T20:59:42.585Z,2022-03-09T20:59:42.585Z
19974143490,2022-03-10T15:04:51.310Z,19974143490,2022-03-10T15:04:51.310Z,2022-03-10T15:04:40.748Z,2022-03-10T15:04:40.748Z
19978425001,2022-03-10T17:19:28.957Z,19978425001,2022-03-10T17:19:28.957Z,2022-03-10T17:19:17.262Z,2022-03-10T17:19:17.262Z
19980051549,2022-04-25T17:46:22.826Z,19980051549,2022-04-25T17:46:22.826Z,2022-03-10T18:17:40.439Z,2022-03-10T18:17:40.439Z
19980757777,2022-03-10T18:20:53.524Z,19980757777,2022-03-10T18:20:53.524Z,2022-03-10T18:20:46.543Z,2022-03-10T18:20:46.543Z
19981070109,2022-04-25T17:46:23.118Z,19981070109,2022-04-25T17:46:23.118Z,2022-03-10T18:31:51.239Z,2022-03-10T18:31:51.239Z
19981355583,2022-03-10T18:43:49.029Z,19981355583,2022-03-10T18:43:49.029Z,2022-03-10T18:43:42.371Z,2022-03-10T18:43:42.371Z
19981629546,2022-04-25T17:46:23.127Z,19981629546,2022-04-25T17:46:23.127Z,2022-03-10T19:23:11.203Z,2022-03-10T19:23:11.203Z
19982731394,2022-04-25T17:46:23.239Z,19982731394,2022-04-25T17:46:23.239Z,2022-03-10T21:07:21.807Z,2022-03-10T21:07:21.807Z
19983392547,2022-04-25T17:46:23.128Z,19983392547,2022-04-25T17:46:23.128Z,2022-03-10T19:35:42.712Z,2022-03-10T19:35:42.712Z
19984995444,2022-04-25T17:46:23.167Z,19984995444,2022-04-25T17:46:23.167Z,2022-03-10T21:59:18.630Z,2022-03-10T21:59:18.630Z
19985003818,2022-04-25T17:46:23.138Z,19985003818,2022-04-25T17:46:23.138Z,2022-03-10T22:03:15.945Z,2022-03-10T22:03:15.945Z
19985010234,2022-04-25T17:46:23.167Z,19985010234,2022-04-25T17:46:23.167Z,2022-03-10T22:06:31.376Z,2022-03-10T22:06:31.376Z
19985552393,2022-04-25T17:46:22.931Z,19985552393,2022-04-25T17:46:22.931Z,2022-03-10T22:35:12.979Z,2022-03-10T22:35:12.979Z
19988388121,2022-04-25T17:46:22.851Z,19988388121,2022-04-25T17:46:22.851Z,2022-03-10T21:32:41.131Z,2022-03-10T21:32:41.131Z
19988406200,2022-04-25T17:46:23.128Z,19988406200,2022-04-25T17:46:23.128Z,2022-03-10T21:40:10.045Z,2022-03-10T21:40:10.045Z
19988415916,2022-04-25T17:46:23.128Z,19988415916,2022-04-25T17:46:23.128Z,2022-03-10T21:44:14.492Z,2022-03-10T21:44:14.492Z
19989207394,2022-04-25T17:46:22.826Z,19989207394,2022-04-25T17:46:22.826Z,2022-03-10T22:41:21.412Z,2022-03-10T22:41:21.412Z
19989212986,2022-04-25T17:46:23.123Z,19989212986,2022-04-25T17:46:23.123Z,2022-03-10T22:44:35.478Z,2022-03-10T22:44:35.478Z
19989221457,2022-04-25T17:46:22.806Z,19989221457,2022-04-25T17:46:22.806Z,2022-03-10T22:49:50.884Z,2022-03-10T22:49:50.884Z
19989221763,2022-04-25T17:46:23.080Z,19989221763,2022-04-25T17:46:23.080Z,2022-03-10T22:50:02.577Z,2022-03-10T22:50:02.577Z
20005631152,2022-03-11T14:49:19.486Z,20005631152,2022-03-11T14:49:19.486Z,2022-03-11T14:49:09.225Z,2022-03-11T14:49:09.225Z
20005772615,2022-03-11T14:55:49.820Z,20005772615,2022-03-11T14:55:49.820Z,2022-03-11T14:55:41.821Z,2022-03-11T14:55:41.821Z
20005959805,2022-04-25T17:46:22.806Z,20005959805,2022-04-25T17:46:22.806Z,2022-03-11T14:53:13.486Z,2022-03-11T14:53:13.486Z
20006052866,2022-04-25T17:46:23.167Z,20006052866,2022-04-25T17:46:23.167Z,2022-03-11T15:03:34.824Z,2022-03-11T15:03:34.824Z
20006480968,2022-04-25T17:46:23.070Z,20006480968,2022-04-25T17:46:23.070Z,2022-03-11T15:16:36.076Z,2022-03-11T15:16:36.076Z
20006483583,2022-04-25T17:46:23.118Z,20006483583,2022-04-25T17:46:23.118Z,2022-03-11T15:17:23.400Z,2022-03-11T15:17:23.400Z
20006560936,2022-04-25T17:46:23.471Z,20006560936,2022-04-25T17:46:23.471Z,2022-03-11T15:20:25.603Z,2022-03-11T15:20:25.603Z
20009150010,2022-04-25T17:46:22.825Z,20009150010,2022-04-25T17:46:22.825Z,2022-03-11T15:46:35.676Z,2022-03-11T15:46:35.676Z
20009168401,2022-04-25T17:46:23.123Z,20009168401,2022-04-25T17:46:23.123Z,2022-03-11T15:52:18.855Z,2022-03-11T15:52:18.855Z
20009178493,2022-04-25T17:46:22.826Z,20009178493,2022-04-25T17:46:22.826Z,2022-03-11T15:55:44.219Z,2022-03-11T15:55:44.219Z
20009220944,2022-04-25T17:46:22.765Z,20009220944,2022-04-25T17:46:22.765Z,2022-03-11T15:49:20.633Z,2022-03-11T15:49:20.633Z
20009625009,2022-04-25T17:46:23.239Z,20009625009,2022-04-25T17:46:23.239Z,2022-03-11T16:10:20.996Z,2022-03-11T16:10:20.996Z
